Station,Year,Month,Temperature,Diatom (cell ml-1),DIN (¦ÌM),DIP (¦ÌM),N:P,Turbidity,Tchla,Salinity,Silica (¦ÌM),
WM3,2000,1,18.1,85 ,16.79 ,1.14 ,14.69 ,5.1,18,29.8,3.33,
WM3,2000,2,16.9,71 ,13.93 ,2.00 ,6.96 ,5,2,32.0,14.58,
WM3,2000,3,16.4,42 ,32.50 ,3.71 ,8.75 ,5,1.9,30.9,62.50,
WM3,2000,4,21.2,119 ,26.43 ,1.86 ,14.23 ,6.9,0.7,30.1,37.92,
WM3,2000,5,25.7,531 ,18.86 ,1.57 ,12.00 ,5.8,6.9,30.0,24.17,
WM3,2000,6,26.9,255 ,44.57 ,2.29 ,19.50 ,6.1,4.4,21.5,108.33,
WM3,2000,7,27.8,2322 ,15.93 ,0.57 ,27.88 ,18.1,17,27.4,21.25,
WM3,2000,8,25.7,205 ,28.36 ,2.64 ,10.73 ,7.3,0.2,26.5,83.33,
WM3,2000,9,27.0,162 ,30.00 ,1.71 ,17.50 ,13,7.2,28.3,33.33,
WM3,2000,10,26.5,154 ,30.71 ,3.64 ,8.43 ,18.5,2,31.8,66.67,
WM3,2000,11,24.3,52 ,15.14 ,1.86 ,8.15 ,11,2.2,32.8,41.67,
WM3,2000,12,20.6,170 ,18.21 ,1.64 ,11.09 ,13.3,0.8,32.0,50.00,
WM3,2001,1,19.0,216 ,26.50 ,2.14 ,12.37 ,19.4,4.1,31.2,45.83,
WM3,2001,2,16.5,30 ,27.36 ,3.57 ,7.66 ,13.6,0.8,31.9,50.00,
WM3,2001,3,17.7,82 ,24.21 ,2.29 ,10.59 ,10.3,1,32.7,27.92,
WM3,2001,4,20.6,233 ,20.64 ,1.86 ,11.12 ,13,1.7,32.5,34.17,
WM3,2001,5,25.5,3958 ,22.36 ,1.36 ,16.47 ,7.8,8.3,29.8,35.83,
WM3,2001,6,27.1,14 ,40.71 ,1.86 ,21.92 ,6.9,0.5,24.6,95.83,
WM3,2001,7,27.4,836 ,38.36 ,1.71 ,22.38 ,8.2,1.1,19.5,120.83,
WM3,2001,8,27.5,4282 ,19.29 ,0.57 ,33.75 ,7.8,19,25.0,36.25,
WM3,2001,9,27.2,170 ,28.64 ,1.43 ,20.05 ,10.5,0.8,26.5,83.33,
WM3,2001,10,28.2,361 ,18.71 ,1.29 ,14.56 ,15.5,1.6,31.5,23.33,
WM3,2001,11,25.8,345 ,17.43 ,1.07 ,16.27 ,13.7,0.4,31.5,27.08,
WM3,2001,12,21.3,77 ,15.36 ,1.29 ,11.94 ,9.3,0.2,31.7,38.33,
WM3,2002,1,17.8,247 ,31.64 ,1.00 ,31.64 ,16.5,2.6,31.5,54.17,
WM3,2002,2,16.4,52 ,15.86 ,1.21 ,13.06 ,12.2,2.2,33.4,22.92,
WM3,2002,3,20.0,182 ,13.21 ,1.14 ,11.56 ,8.7,1.6,32.0,12.08,
WM3,2002,4,22.4,34 ,27.00 ,0.57 ,47.25 ,8.1,1.2,31.5,41.67,
WM3,2002,5,25.8,269 ,38.29 ,3.00 ,12.76 ,7.8,2.3,31.7,28.75,
WM3,2002,6,27.5,920 ,20.00 ,0.43 ,46.67 ,15.7,33,30.5,27.92,
WM3,2002,7,27.0,3646 ,30.50 ,0.43 ,71.17 ,7.6,19,24.3,22.08,
WM3,2002,8,25.6,4892 ,14.64 ,0.50 ,29.29 ,8.2,9.5,30.5,16.67,
WM3,2002,9,26.4,8058 ,26.50 ,0.21 ,123.67 ,8.1,13,24.8,79.17,
WM3,2002,10,26.1,145 ,21.00 ,1.29 ,16.33 ,15.1,0.8,32.3,50.00,
WM3,2002,11,24.5,180 ,14.07 ,1.36 ,10.37 ,16.8,0.7,32.3,36.25,
WM3,2002,12,21.6,95 ,18.79 ,1.79 ,10.52 ,15.7,1.3,33.3,28.75,
WM3,2003,1,18.6,275 ,8.29 ,0.45 ,18.33 ,44.9,2,32.9,17.50,
WM3,2003,2,17.4,7 ,27.14 ,1.16 ,23.35 ,7.5,0.7,32.1,22.92,
WM3,2003,3,19.5,74 ,21.00 ,1.00 ,20.98 ,10.4,0.6,32.9,24.17,
WM3,2003,4,21.1,113 ,29.86 ,1.10 ,27.20 ,10.7,0.7,31.9,45.83,
WM3,2003,5,27.1,2966 ,28.07 ,0.68 ,41.40 ,8.8,5.1,29.6,45.83,
WM3,2003,6,27.6,1082 ,68.57 ,0.94 ,73.24 ,5.2,2.7,18.5,162.50,
WM3,2003,7,26.6,4828 ,32.21 ,0.29 ,110.87 ,5.3,23,26.5,41.67,
WM3,2003,8,26.6,2075 ,20.43 ,0.45 ,45.20 ,4.2,15,30.8,20.42,
WM3,2003,9,27.9,297 ,33.36 ,0.94 ,35.63 ,10.6,1,28.9,75.00,
WM3,2003,10,26.7,686 ,17.29 ,0.84 ,20.59 ,11.4,2,32.7,41.25,
WM3,2003,11,24.7,269 ,12.71 ,0.65 ,19.69 ,9.6,1.5,32.8,22.92,
WM3,2003,12,22.3,213 ,17.07 ,0.84 ,20.34 ,9.8,1,33.5,41.67,
WM3,2004,1,18.4,382 ,13.93 ,0.52 ,26.96 ,8.7,3.7,33.1,8.33,
WM3,2004,2,16.0,16 ,15.64 ,0.71 ,22.02 ,10,0.6,33.5,25.42,
WM3,2004,3,19.8,77 ,26.29 ,1.00 ,26.26 ,9.3,0.8,33.5,24.58,
WM3,2004,4,23.5,1295 ,29.00 ,1.16 ,24.95 ,9.4,5.3,32.6,11.25,
WM3,2004,5,26.1,829 ,31.36 ,0.77 ,40.47 ,11.2,1.6,31.1,29.58,
WM3,2004,6,29.2,3957 ,39.64 ,0.58 ,68.22 ,9.4,8.2,27.4,58.33,
WM3,2004,7,26.5,4297 ,45.00 ,0.65 ,69.69 ,9.3,7,24.8,62.50,
WM3,2004,8,26.6,15362 ,23.36 ,0.68 ,34.45 ,9.4,13,30.2,33.75,
WM3,2004,9,26.3,6917 ,22.64 ,0.81 ,28.05 ,8.3,9,31.0,45.83,
WM3,2004,10,26.8,409 ,33.29 ,1.61 ,20.62 ,11.7,1.4,32.5,50.00,
WM3,2004,11,24.4,251 ,19.71 ,0.81 ,24.43 ,12.2,0.9,32.4,27.92,
WM3,2004,12,22.6,92 ,21.29 ,1.03 ,20.60 ,12.9,1,32.9,38.33,
WM3,2005,1,16.9,226 ,33.64 ,1.26 ,26.72 ,9.6,1.1,32.7,32.08,
WM3,2005,2,17.4,42 ,34.71 ,1.29 ,26.88 ,8.8,2,31.9,37.92,
WM3,2005,3,15.8,56 ,27.79 ,1.10 ,25.31 ,8.3,0.8,32.4,30.42,
WM3,2005,4,19.2,198 ,26.86 ,0.81 ,33.27 ,7.3,1.5,32.4,31.25,
WM3,2005,5,25.0,311 ,56.14 ,1.03 ,54.34 ,5,1.4,28.7,70.83,
WM3,2005,6,27.5,233 ,24.07 ,0.48 ,49.71 ,11.3,0.8,26.0,45.83,
WM3,2005,7,26.8,2373 ,37.50 ,0.77 ,48.40 ,10.7,7.5,25.7,87.50,
WM3,2005,8,26.9,883 ,25.00 ,0.87 ,28.68 ,12,1.9,29.7,26.67,
WM3,2005,9,27.8,2989 ,21.64 ,0.68 ,31.92 ,15.9,7.1,31.0,30.00,
WM3,2005,10,27.7,233 ,24.71 ,1.13 ,21.87 ,14.7,1.6,32.2,45.83,
WM3,2005,11,25.6,359 ,20.93 ,0.94 ,22.35 ,11.4,1.7,32.4,27.50,
WM3,2005,12,23.5,197 ,18.14 ,0.90 ,20.07 ,15.4,1.4,33.1,28.75,
WM3,2006,1,17.1,397 ,16.57 ,0.71 ,23.33 ,11,4.1,32.6,15.00,
WM3,2006,2,18.5,21 ,30.50 ,1.10 ,27.79 ,9.4,1,32.0,45.83,
WM3,2006,3,18.5,119 ,19.57 ,0.77 ,25.26 ,11.4,1.2,32.5,30.83,
WM3,2006,4,22.8,120 ,29.79 ,1.19 ,24.93 ,9.9,0.7,32.4,27.50,
WM3,2006,5,25.9,99 ,35.21 ,1.00 ,35.18 ,5.9,1.1,29.4,54.17,
WM3,2006,6,25.6,268 ,34.71 ,0.77 ,44.80 ,6.4,1.4,28.6,83.33,
WM3,2006,7,28.2,9330 ,39.79 ,0.23 ,176.04 ,8.6,11,21.5,50.00,
WM3,2006,8,27.1,240 ,29.43 ,0.97 ,30.38 ,13.7,1.4,27.5,79.17,
WM3,2006,9,26.4,2497 ,28.79 ,1.19 ,24.10 ,14.4,2.9,30.1,87.50,
WM3,2006,10,27.4,219 ,26.86 ,0.97 ,27.73 ,16.2,1.2,31.0,38.75,
WM3,2006,11,26.3,127 ,11.14 ,0.52 ,21.57 ,17.4,2,33.0,34.17,
WM3,2006,12,23.1,892 ,16.71 ,0.81 ,20.71 ,15.6,1.9,33.0,37.92,
WM3,2007,1,19.6,134 ,21.93 ,1.10 ,19.98 ,17.5,0.4,33.2,32.92,
WM3,2007,2,17.4,934 ,12.21 ,0.61 ,19.91 ,11.1,8,32.8,2.92,
WM3,2007,3,19.6,142 ,29.36 ,1.32 ,22.18 ,10.4,0.6,33.0,30.42,
WM3,2007,4,21.6,91 ,19.50 ,0.74 ,26.26 ,9.9,1.9,33.6,25.00,
WM3,2007,5,24.3,226 ,40.07 ,1.36 ,29.55 ,9.8,1.5,31.6,40.00,
WM3,2007,6,27.7,3265 ,39.79 ,0.32 ,123.23 ,9.9,3.9,23.5,87.50,
WM3,2007,7,26.5,4778 ,37.29 ,0.77 ,48.12 ,14.3,9.7,27.7,79.17,
WM3,2007,8,25.8,1436 ,40.00 ,1.29 ,30.97 ,12.4,3.2,29.6,87.50,
WM3,2007,9,27.7,135 ,16.50 ,0.84 ,19.66 ,14.7,1.2,32.6,36.67,
WM3,2007,10,27.7,246 ,22.21 ,0.97 ,22.94 ,11.5,1.3,31.9,54.17,
WM3,2007,11,23.6,311 ,18.93 ,0.87 ,21.71 ,4.4,3.4,32.9,37.08,
WM3,2007,12,20.6,42 ,29.43 ,1.49 ,19.82 ,8.9,0.5,31.8,58.33,
WM3,2008,1,18.9,197 ,27.00 ,1.23 ,22.01 ,7.6,2.3,31.3,38.75,
WM3,2008,2,14.7,25 ,25.50 ,0.97 ,26.33 ,8.8,1.7,31.8,54.17,
WM3,2008,3,15.4,4630 ,26.79 ,0.97 ,27.66 ,8.9,2.1,31.8,45.83,
WM3,2008,4,20.1,120 ,18.86 ,0.77 ,24.34 ,9.8,1.1,33.0,25.83,
WM3,2008,5,24.9,878 ,17.50 ,0.58 ,30.11 ,7.6,1.4,32.9,16.25,
WM3,2008,6,26.1,241 ,34.07 ,0.71 ,47.97 ,7.3,2.7,30.0,50.00,
WM3,2008,7,26.6,1997 ,35.64 ,0.39 ,92.00 ,10.1,2.9,23.6,104.17,
WM3,2008,8,26.1,537 ,35.71 ,1.00 ,35.68 ,7.8,3.2,27.6,75.00,
WM3,2008,9,28.2,694 ,32.93 ,1.10 ,30.00 ,9.3,2.8,29.0,91.67,
WM3,2008,10,27.3,219 ,20.43 ,0.81 ,25.31 ,4.4,1.5,31.1,58.33,
WM3,2008,11,24.4,381 ,17.43 ,0.74 ,23.47 ,4.8,1.3,32.1,35.42,
WM3,2008,12,21.7,297 ,11.36 ,0.55 ,20.69 ,11.6,1.4,33.0,36.25,
WM3,2009,1,19.2,141 ,37.43 ,1.45 ,25.76 ,4.1,1.2,32.9,35.00,
WM3,2009,2,17.0,248 ,43.43 ,1.81 ,24.02 ,4.1,0.5,32.6,50.00,
WM3,2009,3,19.4,69 ,17.71 ,0.81 ,21.95 ,11.5,0.5,32.9,32.08,
WM3,2009,4,20.7,418 ,28.29 ,1.23 ,23.06 ,5,0.6,32.9,30.00,
WM3,2009,5,23.2,3143 ,15.36 ,0.36 ,43.24 ,3.4,8.5,32.7,4.17,
WM3,2009,6,26.9,10846 ,43.79 ,0.26 ,169.53 ,2.1,11,26.4,26.67,
WM3,2009,7,27.5,13166 ,49.79 ,0.13 ,385.51 ,9.2,11,27.3,26.25,
WM3,2009,8,27.5,430 ,27.71 ,0.94 ,29.60 ,11.2,0.7,28.8,58.33,
WM3,2009,9,28.0,1855 ,25.79 ,0.77 ,33.28 ,5,4.3,29.8,32.50,
WM3,2009,10,28.8,594 ,24.93 ,0.84 ,29.70 ,7.2,0.7,31.7,54.17,
WM3,2009,11,23.1,142 ,14.71 ,0.74 ,19.82 ,5.3,1.3,33.0,38.75,
WM3,2009,12,21.1,212 ,21.71 ,1.03 ,21.02 ,4.7,1.5,33.0,39.58,
WM3,2010,1,18.4,290 ,31.57 ,1.32 ,23.85 ,6.3,0.6,31.9,33.33,
WM3,2010,2,18.3,255 ,35.79 ,1.13 ,31.67 ,3.4,0.7,31.4,50.00,
WM3,2010,3,19.6,98 ,24.50 ,0.71 ,34.49 ,6.6,3,32.1,28.33,
WM3,2010,4,20.5,95 ,24.50 ,1.10 ,22.32 ,3.6,1,33.2,25.83,
WM3,2010,5,22.8,141 ,21.36 ,0.29 ,73.50 ,1,18,31.5,3.33,
WM3,2010,6,25.6,42 ,29.86 ,0.84 ,35.57 ,2,2.6,30.6,25.00,
WM3,2010,7,28.0,14683 ,34.14 ,0.45 ,75.54 ,2.2,1.8,23.3,58.33,
WM3,2010,8,27.4,7469 ,24.07 ,0.66 ,36.22 ,3.6,20,29.1,27.08,
WM3,2010,9,26.8,6264 ,36.14 ,0.32 ,111.95 ,1.8,10,28.9,66.67,
WM3,2010,10,26.3,544 ,15.00 ,0.48 ,30.97 ,6.1,1.4,31.5,30.83,
WM3,2010,11,22.8,672 ,23.43 ,0.94 ,25.02 ,4.7,1.9,32.2,54.17,
WM3,2010,12,22.3,1289 ,22.79 ,0.65 ,35.29 ,6.5,3.4,31.9,17.92,
WM3,2011,1,15.9,77 ,15.29 ,0.58 ,26.30 ,5.9,0.9,33.0,41.67,
WM3,2011,2,15.4,212 ,31.57 ,1.03 ,30.56 ,2.9,0.4,31.7,54.17,
WM3,2011,3,18.2,64 ,34.07 ,0.84 ,40.59 ,3.7,0.8,32.7,29.17,
WM3,2011,4,23.3,786 ,28.50 ,0.48 ,58.85 ,2.6,2.8,31.6,19.17,
WM3,2011,5,25.4,1968 ,39.71 ,0.36 ,111.83 ,7.8,3.7,29.3,36.67,
WM3,2011,6,26.4,1047 ,18.29 ,0.52 ,35.40 ,3.9,1.5,32.2,12.50,
WM3,2011,7,24.9,489 ,35.00 ,0.90 ,38.72 ,2.2,2.4,29.7,87.50,
WM3,2011,8,27.5,6128 ,21.71 ,0.66 ,32.67 ,2.7,14,29.0,40.00,
WM3,2011,9,26.4,390 ,31.21 ,1.23 ,25.44 ,5.2,0.7,32.0,66.67,
WM3,2011,10,26.6,110 ,98.86 ,1.03 ,95.69 ,6.4,0.7,32.6,62.50,
WM3,2011,11,26.0,120 ,39.07 ,1.29 ,30.25 ,5,0.9,32.1,24.58,
WM3,2011,12,23.3,71 ,31.57 ,1.19 ,26.43 ,3.7,0.5,31.8,66.67,
WM3,2012,1,15.9,92 ,25.29 ,0.84 ,30.12 ,2.9,0.6,31.3,39.58,
WM3,2012,2,16.3,63 ,29.71 ,1.03 ,28.76 ,3.1,0.5,31.5,45.83,
WM3,2012,3,15.9,219 ,47.79 ,1.68 ,28.46 ,2.5,0.2,30.9,54.17,
WM3,2012,4,21.2,353 ,40.21 ,0.94 ,42.95 ,3.9,0.5,30.2,41.67,
WM3,2012,5,25.7,1034 ,62.93 ,0.52 ,121.82 ,2.1,6.4,25.5,79.17,
WM3,2012,6,27.2,233 ,28.29 ,0.77 ,36.50 ,3.1,0.9,30.2,35.00,
WM3,2012,7,27.9,706 ,42.50 ,0.81 ,52.66 ,111.8,1.4,25.3,95.83,
WM3,2012,8,27.1,5686 ,29.86 ,0.74 ,40.21 ,3.7,1.9,29.4,75.00,
WM3,2012,9,28.1,226 ,38.79 ,0.97 ,40.04 ,5.3,1.2,28.6,83.33,
WM3,2012,10,27.8,225 ,37.29 ,1.26 ,29.61 ,4,0.3,31.3,70.83,
WM3,2012,11,25.4,382 ,23.79 ,0.87 ,27.29 ,13.4,0.4,32.2,45.83,
WM3,2012,12,21.7,120 ,20.50 ,0.90 ,22.68 ,3.9,0.2,32.8,41.67,
WM3,2013,1,17.9,969 ,26.57 ,1.65 ,16.14 ,7.2,3,32.3,28.33,
WM3,2013,2,18.5,227 ,30.00 ,0.84 ,35.74 ,2.3,1.1,31.4,18.75,
WM3,2013,3,19.1,303 ,22.00 ,0.52 ,42.59 ,1.4,3.4,31.3,13.75,
WM3,2013,4,21.3,1217 ,21.64 ,0.48 ,44.69 ,4,0.9,31.9,20.42,
WM3,2013,5,24.2,1357 ,29.71 ,0.55 ,54.14 ,1.5,3,29.6,45.83,
WM3,2013,6,25.4,3647 ,24.36 ,0.48 ,50.30 ,1.3,4.7,28.6,62.50,
WM3,2013,7,28.1,226 ,49.86 ,1.13 ,44.12 ,1.4,1.8,25.6,129.17,
WM3,2013,8,27.0,1076 ,51.93 ,1.07 ,48.74 ,2.5,1.1,25.0,158.33,
WM3,2013,9,27.4,354 ,32.86 ,0.84 ,39.14 ,3.8,0.9,27.4,79.17,
WM3,2013,10,25.9,198 ,15.00 ,0.77 ,19.36 ,4.7,0.9,31.8,45.83,
WM3,2013,11,23.1,234 ,27.93 ,0.68 ,41.19 ,5.3,0.6,31.6,79.17,
WM3,2013,12,20.8,1110 ,18.50 ,0.81 ,22.92 ,3,1.5,32.8,50.00,
WM3,2014,1,16.9,488 ,24.00 ,0.84 ,28.59 ,1.2,1.6,32.6,45.83,
WM3,2014,2,16.6,212 ,25.07 ,1.00 ,25.05 ,1.8,1,33.0,32.92,
WM3,2014,3,17.7,226 ,30.57 ,1.16 ,26.30 ,1.7,1,32.9,28.33,
WM3,2014,4,19.5,212 ,42.71 ,0.84 ,50.89 ,1.6,1.4,29.8,58.33,
WM3,2014,5,23.8,750 ,32.57 ,0.48 ,67.26 ,2.2,1.3,31.8,27.50,
WM3,2014,6,27.2,191 ,30.50 ,0.68 ,44.99 ,2.5,0.8,28.4,54.17,
WM3,2014,7,27.5,2110 ,36.14 ,0.87 ,41.46 ,1.6,1.4,27.5,112.50,
WM3,2014,8,26.7,403 ,38.71 ,0.94 ,41.35 ,2.9,1.1,28.4,116.67,
WM3,2014,9,28.5,962 ,16.64 ,0.74 ,22.41 ,3.1,1.1,32.3,66.67,
WM3,2014,10,28.8,353 ,20.21 ,0.77 ,26.09 ,7.3,1,32.0,62.50,
WM3,2014,11,24.7,35 ,21.00 ,0.52 ,40.65 ,4,9.3,32.7,7.08,
WM3,2014,12,23.1,149 ,13.64 ,0.61 ,22.24 ,2.3,3.8,32.4,6.67,
WM3,2015,1,18.1,49 ,18.86 ,0.39 ,48.67 ,8.8,5.8,31.6,5.42,
WM3,2015,2,17.1,205 ,25.43 ,0.77 ,32.82 ,2.3,2.8,31.3,32.50,
WM3,2015,3,19.9,99 ,34.43 ,0.52 ,66.65 ,2.4,0.7,31.0,39.58,
WM3,2015,4,22.6,664 ,23.57 ,0.13 ,182.52 ,1.8,1.7,31.6,25.83,
WM3,2015,5,25.5,8941 ,26.21 ,0.19 ,135.33 ,4.5,3.6,29.1,33.75,
WM3,2015,6,27.3,1891 ,49.00 ,0.58 ,84.32 ,17.3,7.8,26.1,91.67,
WM3,2015,7,26.9,2584 ,26.21 ,0.77 ,33.83 ,8.5,3.3,29.9,66.67,
WM3,2015,8,26.3,9423 ,33.64 ,0.52 ,65.13 ,3.7,17,29.5,66.67,
WM3,2015,9,26.1,460 ,30.79 ,1.10 ,28.05 ,5,1.3,30.0,83.33,
WM3,2015,10,28.3,417 ,28.57 ,1.00 ,28.55 ,5.7,1,30.7,83.33,
WM3,2015,11,26.6,728 ,17.43 ,0.52 ,33.74 ,4,3.1,31.8,18.75,
WM3,2015,12,23.9,318 ,30.79 ,0.81 ,38.14 ,4.6,0.6,32.1,54.17,
WM3,2016,1,20.0,368 ,27.93 ,0.55 ,50.89 ,3,1.5,31.4,50.00,
WM3,2016,2,16.0,439 ,28.07 ,0.58 ,48.30 ,4,0.9,29.9,50.00,
WM3,2016,3,17.1,736 ,14.50 ,0.13 ,112.28 ,9,5.1,30.5,33.75,
WM3,2016,4,19.2,715 ,30.93 ,0.10 ,319.33 ,1.8,1.1,28.6,45.83,
WM3,2016,5,23.5,536 ,27.29 ,0.32 ,84.51 ,2.2,0.6,29.2,62.50,
WM3,2016,6,26.9,636 ,38.14 ,0.68 ,56.26 ,1.9,4.4,27.1,66.67,
WM3,2016,7,26.6,2242 ,40.57 ,0.90 ,44.88 ,104.4,7.2,24.5,108.33,
WM3,2016,8,25.3,150 ,32.36 ,0.97 ,33.41 ,5.9,1,28.9,91.67,
WM3,2016,9,27.2,136 ,30.64 ,1.00 ,30.62 ,7.7,0.3,29.5,104.17,
WM3,2016,10,28.7,221 ,19.50 ,0.81 ,24.16 ,4.5,1.1,31.0,87.50,
WM3,2016,11,26.1,354 ,18.71 ,0.94 ,19.99 ,8.2,1.4,30.9,34.17,
WM3,2016,12,23.2,143 ,22.29 ,0.71 ,31.38 ,5.8,1.2,31.1,54.17,
WM3,2017,1,20.4,318 ,23.07 ,0.26 ,89.33 ,3.8,1.4,30.1,11.67,
WM3,2017,2,18.9,95 ,27.00 ,0.42 ,64.33 ,5.1,0.9,30.6,50.00,
WM3,2017,3,17.4,203 ,21.36 ,0.87 ,24.50 ,4.9,1.1,31.2,50.00,
WM3,2017,4,21.5,276 ,23.86 ,0.48 ,49.26 ,3.6,1.3,31.4,32.50,
WM3,2017,5,24.1,298 ,33.00 ,0.39 ,85.18 ,2.7,0.5,29.4,58.33,
WM3,2017,6,27.0,466 ,37.00 ,0.90 ,40.93 ,2.1,2.7,29.0,54.17,
WM3,2017,7,27.0,5733 ,48.14 ,0.16 ,298.23 ,2,19,22.7,108.33,
WM3,2017,8,28.7,8907 ,48.07 ,0.84 ,57.27 ,1.2,9.7,23.7,129.17,
WM3,2017,9,27.5,440 ,36.50 ,1.07 ,34.26 ,3.5,0.6,28.5,116.67,
WM3,2017,10,29.6,559 ,28.71 ,0.84 ,34.21 ,3.5,1.5,28.5,79.17,
WM3,2017,11,25.8,765 ,12.43 ,0.45 ,27.50 ,1.6,1.8,32.8,54.17,
WM3,2017,12,22.2,255 ,21.29 ,1.03 ,20.60 ,3.7,0.9,32.9,62.50,
WM3,2019,1,19.3,165 ,19.07 ,0.81 ,23.63 ,2.63,0.9,33.1,39.58,
WM3,2019,2,20.2,934 ,28.36 ,0.32 ,87.83 ,1.16,6.9,29.8,12.50,
WM3,2019,3,21.3,408 ,21.57 ,0.65 ,33.41 ,1.32,1.1,31.7,35.00,
WM3,2019,4,23.9,59 ,18.93 ,0.26 ,73.29 ,0.4,2.6,30.3,25.83,
WM3,2019,5,23.9,76 ,24.64 ,0.65 ,38.16 ,2.48,0.5,30.6,36.67,
WM3,2019,6,27.6,523 ,36.86 ,0.77 ,47.57 ,2.49,0.9,25.1,108.33,
WM3,2019,7,26.1,12957 ,23.79 ,0.06 ,368.37 ,7.8,24,30.0,54.17,
WM3,2019,8,28.7,3398 ,45.14 ,0.65 ,69.91 ,15.02,4.6,24.5,95.83,
WM3,2019,9,28.9,6157 ,23.00 ,0.42 ,54.80 ,4.35,9.2,29.4,58.33,
WM3,2019,10,29.7,791 ,35.57 ,0.68 ,52.47 ,3.19,0.8,30.7,83.33,
WM3,2019,11,26.5,431 ,16.21 ,0.68 ,23.92 ,3.13,0.5,32.5,41.67,
WM3,2019,12,22.9,347 ,21.71 ,0.74 ,29.24 ,3.03,1.7,33.2,31.67,
WM3,2020,4,21.5,223 ,21.43 ,0.58 ,36.87 ,2.57,0.6,31.7,45.83,
WM3,2020,5,26.1,1819 ,22.07 ,0.19 ,113.94 ,2.24,6.8,30.2,32.50,
WM3,2020,6,27.4,4077 ,44.71 ,0.36 ,125.91 ,2.32,2.7,27.2,83.33,
WM3,2020,7,26.8,7929 ,35.57 ,0.19 ,183.63 ,1.72,15,26.2,87.50,
WM3,2020,9,27.1,1670 ,24.14 ,0.55 ,43.99 ,3.02,4.1,31.1,70.83,
WM2,2000,1,18.1,35 ,16.64 ,0.71 ,23.30 ,5.1,18,29.8,4.58,
WM2,2000,2,16.9,396 ,12.29 ,1.86 ,6.62 ,5,2,32.0,15.00,
WM2,2000,3,16.3,28 ,19.79 ,2.50 ,7.91 ,5,1.9,30.9,54.17,
WM2,2000,4,21.2,63 ,25.79 ,1.79 ,14.44 ,6.9,0.7,30.1,34.58,
WM2,2000,5,25.8,452 ,18.14 ,1.43 ,12.70 ,5.8,6.9,30.0,22.08,
WM2,2000,6,27.1,276 ,44.36 ,2.00 ,22.18 ,6.1,4.4,21.5,116.67,
WM2,2000,7,27.9,2900 ,14.57 ,0.43 ,34.00 ,18.1,17,27.4,17.50,
WM2,2000,8,26.6,5 ,36.29 ,2.50 ,14.51 ,7.3,0.2,26.5,108.33,
WM2,2000,9,27.4,269 ,31.86 ,2.00 ,15.93 ,13,7.2,28.3,58.33,
WM2,2000,10,26.5,95 ,26.21 ,2.86 ,9.18 ,18.5,2,31.8,66.67,
WM2,2000,11,24.3,13 ,17.14 ,2.57 ,6.67 ,11,2.2,32.8,41.67,
WM2,2000,12,20.6,171 ,15.93 ,1.64 ,9.70 ,13.3,0.8,32.0,50.00,
WM2,2001,1,19.0,161 ,27.21 ,2.50 ,10.89 ,19.4,4.1,31.2,45.83,
WM2,2001,2,16.4,21 ,23.43 ,3.14 ,7.45 ,13.6,0.8,31.9,41.67,
WM2,2001,3,17.6,77 ,9.21 ,1.07 ,8.60 ,10.3,1,32.7,16.67,
WM2,2001,4,20.7,177 ,18.21 ,1.43 ,12.75 ,13,1.7,32.5,35.00,
WM2,2001,5,25.6,3434 ,28.07 ,0.57 ,49.13 ,7.8,8.3,29.8,37.08,
WM2,2001,6,27.1,300 ,35.79 ,2.07 ,17.28 ,6.9,0.5,24.6,83.33,
WM2,2001,7,27.3,407 ,40.07 ,1.50 ,26.71 ,8.2,1.1,19.5,137.50,
WM2,2001,8,28.0,6499 ,23.57 ,1.36 ,17.37 ,7.8,19,25.0,25.83,
WM2,2001,9,27.3,382 ,31.36 ,1.14 ,27.44 ,10.5,0.8,26.5,87.50,
WM2,2001,10,28.2,98 ,10.71 ,0.43 ,25.00 ,15.5,1.6,31.5,21.67,
WM2,2001,11,25.7,217 ,16.43 ,1.07 ,15.33 ,13.7,0.4,31.5,29.58,
WM2,2001,12,21.3,120 ,19.86 ,2.07 ,9.59 ,9.3,0.2,31.7,39.17,
WM2,2002,1,17.8,63 ,33.64 ,1.79 ,18.84 ,16.5,2.6,31.5,54.17,
WM2,2002,2,16.5,113 ,16.07 ,0.93 ,17.31 ,12.2,2.2,33.4,22.50,
WM2,2002,3,20.0,134 ,11.93 ,1.14 ,10.44 ,8.7,1.6,32.0,8.33,
WM2,2002,4,22.8,14 ,25.71 ,1.07 ,24.00 ,8.1,1.2,31.5,45.83,
WM2,2002,5,25.9,162 ,17.36 ,1.21 ,14.29 ,7.8,2.3,31.7,22.50,
WM2,2002,6,27.5,1798 ,15.21 ,0.14 ,106.50 ,15.7,33,30.5,18.33,
WM2,2002,7,27.9,3943 ,24.50 ,0.57 ,42.88 ,7.6,19,24.3,10.00,
WM2,2002,8,25.5,6767 ,15.43 ,0.43 ,36.00 ,8.2,9.5,30.5,12.08,
WM2,2002,9,26.2,6811 ,28.64 ,0.36 ,80.20 ,8.1,13,24.8,104.17,
WM2,2002,10,26.2,138 ,8.79 ,0.64 ,13.67 ,15.1,0.8,32.3,37.50,
WM2,2002,11,24.5,218 ,11.86 ,1.14 ,10.38 ,16.8,0.7,32.3,36.25,
WM2,2002,12,21.6,155 ,21.29 ,2.00 ,10.64 ,15.7,1.3,33.3,28.75,
WM2,2003,1,18.6,551 ,6.93 ,0.39 ,17.88 ,11.4,2,32.9,16.67,
WM2,2003,2,17.5,240 ,7.64 ,0.36 ,21.52 ,7.3,1.7,32.4,14.58,
WM2,2003,3,19.4,133 ,12.57 ,0.65 ,19.47 ,8.6,1.1,33.4,19.17,
WM2,2003,4,21.3,113 ,33.07 ,0.65 ,51.22 ,9.8,0.7,31.5,54.17,
WM2,2003,5,27.3,3654 ,27.93 ,0.29 ,96.12 ,8.4,11,28.7,50.00,
WM2,2003,6,27.7,255 ,69.57 ,0.97 ,71.83 ,4.6,1.7,18.1,166.67,
WM2,2003,7,26.8,5898 ,40.57 ,0.32 ,125.67 ,4.9,19,23.9,100.00,
WM2,2003,8,26.4,997 ,23.00 ,0.58 ,39.58 ,3.3,13,30.4,27.50,
WM2,2003,9,28.1,158 ,46.64 ,1.10 ,42.49 ,12.7,1,25.9,104.17,
WM2,2003,10,26.6,458 ,18.14 ,0.87 ,20.81 ,9.5,1.9,32.8,41.67,
WM2,2003,11,24.7,133 ,6.79 ,0.39 ,17.51 ,10.5,1.4,33.1,20.83,
WM2,2003,12,22.2,417 ,17.21 ,0.90 ,19.04 ,9.2,1,33.5,41.25,
WM2,2004,1,18.2,330 ,12.71 ,0.52 ,24.61 ,6.2,3.8,33.2,10.00,
WM2,2004,2,16.1,70 ,18.14 ,0.81 ,22.48 ,8.7,0.5,33.6,25.42,
WM2,2004,3,19.9,63 ,21.43 ,0.84 ,25.53 ,5.2,0.7,33.7,22.92,
WM2,2004,4,23.4,3213 ,5.64 ,0.26 ,21.85 ,7.4,5.1,33.6,2.08,
WM2,2004,5,26.5,1692 ,36.43 ,0.68 ,53.73 ,10.1,2.6,29.7,37.92,
WM2,2004,6,30.4,12170 ,53.50 ,0.10 ,552.37 ,10.3,26,27.5,10.00,
WM2,2004,7,27.8,5360 ,52.07 ,0.58 ,89.60 ,8.9,9.1,21.5,100.00,
WM2,2004,8,26.7,14018 ,28.21 ,0.90 ,31.21 ,8.3,15,29.5,25.42,
WM2,2004,9,26.8,5308 ,20.36 ,0.90 ,22.52 ,8.3,12,30.9,33.33,
WM2,2004,10,26.6,381 ,17.79 ,0.87 ,20.40 ,10.6,1.1,32.8,45.83,
WM2,2004,11,24.4,269 ,16.29 ,0.71 ,22.93 ,10.8,0.8,32.6,22.92,
WM2,2004,12,22.6,204 ,20.71 ,1.00 ,20.70 ,13.4,1.3,32.8,39.58,
WM2,2005,1,16.8,366 ,19.36 ,0.94 ,20.67 ,9.3,1.4,32.7,27.50,
WM2,2005,2,17.3,85 ,30.36 ,1.07 ,28.49 ,9,1.4,32.0,37.08,
WM2,2005,3,15.5,37 ,10.07 ,0.36 ,28.36 ,9.2,0.9,32.8,25.42,
WM2,2005,4,19.2,141 ,26.21 ,0.71 ,36.91 ,5.3,1.8,32.3,32.92,
WM2,2005,5,25.0,580 ,63.64 ,0.97 ,65.71 ,4.7,1.5,27.4,79.17,
WM2,2005,6,27.2,425 ,47.86 ,0.77 ,61.76 ,11.8,1.2,25.3,83.33,
WM2,2005,7,26.6,3128 ,35.57 ,0.45 ,78.70 ,10.4,15,23.7,87.50,
WM2,2005,8,26.8,402 ,22.93 ,0.68 ,33.82 ,11,1.6,29.4,25.83,
WM2,2005,9,27.7,2527 ,19.07 ,0.36 ,53.70 ,12.9,7.3,30.6,26.25,
WM2,2005,10,27.7,297 ,21.50 ,1.00 ,21.48 ,14.8,1.7,32.2,58.33,
WM2,2005,11,25.4,402 ,10.64 ,0.52 ,20.60 ,11.5,2.1,33.0,19.17,
WM2,2005,12,23.6,225 ,18.07 ,0.90 ,19.99 ,13.6,1.7,33.2,30.83,
WM2,2006,1,16.9,452 ,9.64 ,0.45 ,21.33 ,9.4,4.9,32.8,15.00,
WM2,2006,2,18.4,106 ,28.14 ,1.03 ,27.24 ,8.8,1,32.1,41.67,
WM2,2006,3,18.6,196 ,17.43 ,0.71 ,24.54 ,9.2,1.5,32.8,29.17,
WM2,2006,4,22.7,176 ,8.79 ,0.26 ,34.02 ,9.1,2.1,33.1,15.42,
WM2,2006,5,26.1,162 ,36.36 ,0.87 ,41.71 ,4.4,1.2,29.2,58.33,
WM2,2006,6,25.6,418 ,39.29 ,0.71 ,55.31 ,6.4,2.5,27.3,100.00,
WM2,2006,7,28.6,10295 ,52.86 ,0.29 ,181.91 ,8,17,17.8,83.33,
WM2,2006,8,27.3,1674 ,16.43 ,0.39 ,42.40 ,11,2.9,28.4,40.42,
WM2,2006,9,27.2,1592 ,31.93 ,0.90 ,35.32 ,11.5,3.9,28.2,95.83,
WM2,2006,10,27.3,53 ,27.86 ,1.00 ,27.83 ,16.2,0.9,30.8,37.50,
WM2,2006,11,26.1,190 ,9.14 ,0.42 ,21.78 ,18.6,1.3,33.0,33.33,
WM2,2006,12,23.1,169 ,16.14 ,0.74 ,21.74 ,17.7,1.8,33.0,39.17,
WM2,2007,1,19.6,58 ,22.07 ,1.03 ,21.36 ,15.8,0.4,33.2,33.33,
WM2,2007,2,17.5,856 ,9.00 ,0.48 ,18.58 ,9.5,10,32.9,2.92,
WM2,2007,3,19.6,142 ,17.21 ,0.71 ,24.24 ,10.6,0.7,33.3,26.25,
WM2,2007,4,21.5,98 ,19.36 ,0.74 ,26.07 ,10.7,1.9,33.6,22.92,
WM2,2007,5,24.3,325 ,33.00 ,0.68 ,48.67 ,9.7,2,31.0,45.83,
WM2,2007,6,27.7,2448 ,45.86 ,0.32 ,142.04 ,10.2,5.6,21.4,112.50,
WM2,2007,7,27.2,6613 ,40.29 ,0.68 ,59.42 ,46.6,11,26.0,91.67,
WM2,2007,8,27.0,4105 ,59.43 ,1.07 ,55.78 ,13.2,6.7,24.5,120.83,
WM2,2007,9,27.6,155 ,13.43 ,0.65 ,20.80 ,13.4,1.2,32.9,29.58,
WM2,2007,10,27.7,212 ,22.29 ,0.94 ,23.80 ,12.7,1.7,31.9,54.17,
WM2,2007,11,23.6,366 ,20.36 ,0.97 ,21.02 ,4.3,2.5,32.9,38.33,
WM2,2007,12,20.6,42 ,31.57 ,1.55 ,20.37 ,9.6,0.4,31.9,58.33,
WM2,2008,1,18.8,212 ,19.07 ,0.77 ,24.61 ,6.7,1.6,31.4,36.67,
WM2,2008,2,14.7,5 ,19.71 ,0.71 ,27.76 ,8.3,1.2,31.8,54.17,
WM2,2008,3,15.5,481 ,23.07 ,0.90 ,25.52 ,8.9,3.5,32.0,45.83,
WM2,2008,4,20.1,523 ,16.07 ,0.71 ,22.63 ,11.2,1.8,33.2,23.33,
WM2,2008,5,24.7,452 ,21.07 ,0.61 ,34.35 ,7.3,1.6,32.6,20.00,
WM2,2008,6,26.1,149 ,36.79 ,0.58 ,63.30 ,6.8,3.8,28.9,54.17,
WM2,2008,7,27.3,2173 ,34.36 ,0.26 ,133.02 ,11.1,4.2,20.8,100.00,
WM2,2008,8,26.0,255 ,40.71 ,1.00 ,40.68 ,7.3,1.8,26.4,91.67,
WM2,2008,9,28.2,340 ,42.79 ,1.23 ,34.87 ,7.5,2,27.3,108.33,
WM2,2008,10,27.2,153 ,21.71 ,0.77 ,28.02 ,3.2,0.6,30.7,62.50,
WM2,2008,11,24.3,332 ,16.57 ,0.68 ,24.44 ,3,1.1,32.2,34.58,
WM2,2008,12,21.5,488 ,16.21 ,0.68 ,23.92 ,10.3,1.6,32.9,35.83,
WM2,2009,1,19.1,218 ,20.86 ,0.90 ,23.07 ,2.4,1.4,33.1,30.83,
WM2,2009,2,17.0,353 ,21.14 ,0.97 ,21.83 ,3.2,0.8,33.0,45.83,
WM2,2009,3,19.4,113 ,13.36 ,0.71 ,18.81 ,9.6,0.5,33.1,27.50,
WM2,2009,4,20.7,545 ,15.57 ,0.61 ,25.38 ,3.3,0.9,33.1,23.75,
WM2,2009,5,23.0,2131 ,20.36 ,0.55 ,37.09 ,2.7,10,32.7,5.00,
WM2,2009,6,26.7,25190 ,45.29 ,0.23 ,200.38 ,2.4,12,25.9,30.00,
WM2,2009,7,26.8,1749 ,32.36 ,0.48 ,66.81 ,10.3,2.2,27.3,70.83,
WM2,2009,8,27.5,106 ,29.29 ,0.90 ,32.40 ,9.2,0.4,28.4,58.33,
WM2,2009,9,29.0,1108 ,42.93 ,0.74 ,57.81 ,3.5,4.1,30.2,34.58,
WM2,2009,10,28.6,196 ,16.50 ,0.81 ,20.44 ,6.1,1.5,31.9,50.00,
WM2,2009,11,23.1,174 ,4.43 ,0.36 ,12.47 ,7.6,1.5,33.2,32.92,
WM2,2009,12,20.9,297 ,26.50 ,1.13 ,23.45 ,5,1.2,33.0,40.42,
WM2,2010,1,18.4,346 ,25.93 ,1.10 ,23.62 ,3.3,0.6,32.0,30.83,
WM2,2010,2,18.2,290 ,31.07 ,1.00 ,31.05 ,3,0.9,31.8,45.83,
WM2,2010,3,19.4,912 ,9.64 ,0.23 ,42.67 ,8.6,4.9,32.7,14.17,
WM2,2010,4,20.5,144 ,14.57 ,0.68 ,21.49 ,2.6,0.6,33.5,24.17,
WM2,2010,5,22.8,128 ,23.43 ,0.16 ,145.13 ,0.9,11,30.9,3.33,
WM2,2010,6,25.6,276 ,26.21 ,0.55 ,47.76 ,1.1,3.6,30.7,23.33,
WM2,2010,7,27.6,19659 ,11.86 ,0.48 ,24.48 ,3.9,2.9,20.9,62.50,
WM2,2010,8,27.5,8961 ,30.14 ,0.13 ,233.41 ,4,13,26.3,66.67,
WM2,2010,9,27.2,5888 ,36.93 ,0.66 ,55.57 ,1.5,13,27.8,62.50,
WM2,2010,10,26.2,282 ,13.29 ,0.45 ,29.39 ,8,0.9,31.6,30.42,
WM2,2010,11,22.9,189 ,20.71 ,0.90 ,22.91 ,2.7,2.1,32.3,54.17,
WM2,2010,12,22.2,1196 ,21.43 ,0.61 ,34.93 ,2.7,4.9,31.9,16.25,
WM2,2011,1,15.8,233 ,14.29 ,0.52 ,27.66 ,6.6,0.8,33.0,41.25,
WM2,2011,2,15.2,226 ,32.29 ,1.10 ,29.41 ,5.5,0.5,31.7,54.17,
WM2,2011,3,18.4,64 ,18.43 ,0.42 ,43.91 ,11.8,0.4,33.0,25.00,
WM2,2011,4,23.5,2655 ,37.00 ,0.39 ,95.50 ,1.5,7.6,30.5,20.83,
WM2,2011,5,25.7,4106 ,43.50 ,0.19 ,224.56 ,1.5,6.8,28.4,35.42,
WM2,2011,6,26.6,4113 ,29.71 ,0.23 ,131.48 ,3.6,5.5,32.0,5.42,
WM2,2011,7,25.4,948 ,36.64 ,0.77 ,47.29 ,1.8,2,28.6,95.83,
WM2,2011,8,27.0,4934 ,33.36 ,0.06 ,516.60 ,2.4,15,28.9,50.00,
WM2,2011,9,26.0,226 ,26.36 ,0.97 ,27.21 ,4.5,0.8,31.8,66.67,
WM2,2011,10,26.5,80 ,22.07 ,1.03 ,21.36 ,3.5,0.6,32.8,58.33,
WM2,2011,11,25.8,105 ,22.07 ,0.84 ,26.29 ,4.1,0.9,32.1,22.08,
WM2,2011,12,23.2,134 ,27.00 ,1.10 ,24.60 ,5.1,0.5,32.1,58.33,
WM2,2012,1,15.8,90 ,23.00 ,0.74 ,30.97 ,2.8,0.7,31.4,45.83,
WM2,2012,2,16.3,241 ,25.29 ,0.87 ,29.01 ,2.8,1.4,31.6,41.67,
WM2,2012,3,15.6,43 ,33.50 ,1.29 ,25.94 ,1.6,0.3,31.1,54.17,
WM2,2012,4,21.5,170 ,38.64 ,0.74 ,52.04 ,2.5,2,29.9,41.67,
WM2,2012,5,25.3,4142 ,26.86 ,0.36 ,75.62 ,1.5,6.2,24.6,95.83,
WM2,2012,6,27.0,162 ,26.29 ,0.68 ,38.77 ,3.9,0.9,30.0,36.67,
WM2,2012,7,27.7,3525 ,51.71 ,0.68 ,76.28 ,97.5,6.6,24.2,112.50,
WM2,2012,8,27.3,2917 ,32.50 ,0.68 ,47.94 ,1.5,1.9,28.5,87.50,
WM2,2012,9,28.5,338 ,42.93 ,0.97 ,44.32 ,3.1,1.4,27.7,91.67,
WM2,2012,10,27.7,126 ,26.29 ,0.94 ,28.07 ,4.7,0.2,31.3,66.67,
WM2,2012,11,25.3,170 ,17.36 ,0.74 ,23.37 ,4.6,1,32.3,45.83,
WM2,2012,12,21.6,111 ,14.21 ,0.65 ,22.01 ,3.6,0.2,33.0,35.42,
WM2,2013,1,17.7,1918 ,22.21 ,0.74 ,29.92 ,7.5,3.9,32.7,21.25,
WM2,2013,2,18.2,389 ,28.36 ,0.71 ,39.92 ,1.4,0.5,31.6,20.83,
WM2,2013,3,18.9,551 ,22.50 ,0.61 ,36.68 ,1.2,4.8,31.6,15.42,
WM2,2013,4,21.2,375 ,25.86 ,0.39 ,66.74 ,1.8,0.3,31.9,21.25,
WM2,2013,5,24.7,1896 ,39.29 ,0.58 ,67.60 ,1.8,3,27.5,62.50,
WM2,2013,6,26.0,6725 ,16.43 ,0.13 ,127.21 ,1.1,9.8,27.4,32.50,
WM2,2013,7,28.5,488 ,52.14 ,1.19 ,43.65 ,1.7,1.3,25.3,150.00,
WM2,2013,8,27.0,729 ,57.86 ,1.07 ,54.30 ,4.4,0.9,22.1,166.67,
WM2,2013,9,27.6,290 ,41.36 ,0.87 ,47.44 ,3.8,1,25.3,129.17,
WM2,2013,10,25.9,679 ,16.14 ,0.74 ,21.74 ,9.8,1.4,31.7,45.83,
WM2,2013,11,23.1,241 ,26.57 ,0.52 ,51.44 ,4.3,0.7,31.6,79.17,
WM2,2013,12,20.8,1805 ,22.07 ,0.52 ,42.73 ,2.8,1.7,32.9,50.00,
WM2,2014,1,16.8,417 ,21.00 ,0.77 ,27.10 ,2.6,1.6,32.8,45.83,
WM2,2014,2,16.5,184 ,9.14 ,0.61 ,14.90 ,1.7,1.1,33.3,27.08,
WM2,2014,3,17.6,212 ,20.36 ,0.84 ,24.25 ,1.4,1.3,33.2,25.83,
WM2,2014,4,19.5,198 ,50.50 ,0.81 ,62.57 ,2.6,0.2,29.2,66.67,
WM2,2014,5,23.9,346 ,13.64 ,0.19 ,70.43 ,1,0.2,32.3,20.42,
WM2,2014,6,27.2,531 ,34.57 ,0.48 ,71.39 ,1.9,1.2,27.2,62.50,
WM2,2014,7,27.6,8751 ,36.00 ,0.87 ,41.30 ,1.8,8.2,27.4,108.33,
WM2,2014,8,26.7,381 ,37.29 ,0.97 ,38.50 ,3.4,1.5,28.6,116.67,
WM2,2014,9,28.7,2675 ,17.93 ,0.74 ,24.14 ,1.8,3.3,32.3,66.67,
WM2,2014,10,25.9,431 ,16.07 ,0.65 ,24.89 ,3.4,1.1,32.1,58.33,
WM2,2014,11,24.5,106 ,11.21 ,0.32 ,34.73 ,4.4,9.6,32.9,5.83,
WM2,2014,12,23.0,50 ,10.29 ,0.48 ,21.24 ,1.8,7.8,32.5,4.58,
WM2,2015,1,18.1,134 ,17.29 ,0.19 ,89.23 ,8.4,2.6,31.8,5.00,
WM2,2015,2,16.9,892 ,16.50 ,0.52 ,31.94 ,2,4,31.7,20.00,
WM2,2015,3,20.4,42 ,36.14 ,0.55 ,65.85 ,1.8,1.6,30.6,45.83,
WM2,2015,4,22.7,742 ,19.14 ,0.16 ,118.59 ,1.5,1.7,32.1,24.17,
WM2,2015,5,25.6,13544 ,40.14 ,0.42 ,95.64 ,3.8,5,28.6,32.92,
WM2,2015,6,27.5,2344 ,62.71 ,0.81 ,77.70 ,6.9,3.7,22.9,150.00,
WM2,2015,7,28.0,5253 ,25.00 ,0.58 ,43.02 ,4.1,4.8,29.0,66.67,
WM2,2015,8,27.0,4595 ,41.86 ,0.68 ,61.74 ,3.1,9.6,27.3,100.00,
WM2,2015,9,26.2,170 ,37.64 ,1.19 ,31.51 ,5.6,1,28.8,91.67,
WM2,2015,10,28.3,266 ,29.43 ,0.94 ,31.43 ,5.5,1,29.9,87.50,
WM2,2015,11,26.7,664 ,16.21 ,0.52 ,31.39 ,4.7,2.5,31.5,22.50,
WM2,2015,12,23.7,99 ,23.21 ,0.71 ,32.68 ,4.2,0.9,32.4,50.00,
WM2,2016,1,19.9,403 ,31.71 ,0.87 ,36.38 ,8.4,1.8,31.2,54.17,
WM2,2016,2,16.1,196 ,28.86 ,0.74 ,38.86 ,4.1,1.1,29.7,54.17,
WM2,2016,3,17.1,481 ,10.43 ,0.13 ,80.75 ,22.4,12,31.4,29.17,
WM2,2016,4,19.4,673 ,24.93 ,0.10 ,257.38 ,1.7,0.4,28.8,39.58,
WM2,2016,5,24.3,663 ,33.64 ,0.36 ,94.73 ,1.6,0.6,27.2,83.33,
WM2,2016,6,27.0,659 ,37.43 ,0.58 ,64.41 ,1,5.3,26.9,75.00,
WM2,2016,7,26.6,3099 ,40.64 ,0.84 ,48.42 ,1.9,6.4,24.1,112.50,
WM2,2016,8,25.5,93 ,30.00 ,0.94 ,32.04 ,31.1,1,29.0,91.67,
WM2,2016,9,27.4,239 ,37.29 ,1.19 ,31.21 ,4.2,0.9,28.1,120.83,
WM2,2016,10,28.3,329 ,20.43 ,0.77 ,26.36 ,6.5,1.6,30.7,87.50,
WM2,2016,11,26.1,275 ,15.00 ,0.74 ,20.20 ,118,1,31.2,22.08,
WM2,2016,12,22.8,74 ,15.07 ,0.55 ,27.46 ,5.3,1.7,31.1,50.00,
WM2,2017,1,20.4,388 ,21.00 ,0.39 ,54.20 ,3.2,2.2,30.1,11.25,
WM2,2017,2,18.9,51 ,26.21 ,0.52 ,50.75 ,4.2,1.4,30.6,45.83,
WM2,2017,3,17.3,234 ,20.57 ,0.81 ,25.49 ,4.2,1,31.3,50.00,
WM2,2017,4,21.4,375 ,24.64 ,0.58 ,42.40 ,3.1,1.8,31.4,32.92,
WM2,2017,5,24.3,415 ,38.43 ,0.32 ,119.03 ,2.5,1.1,27.8,70.83,
WM2,2017,6,27.1,664 ,37.43 ,0.74 ,50.40 ,1,2.3,28.3,62.50,
WM2,2017,7,27.5,15334 ,48.36 ,0.13 ,374.45 ,23,30,21.3,70.83,
WM2,2017,8,29.1,5168 ,51.07 ,0.65 ,79.09 ,1.5,8.3,20.8,175.00,
WM2,2017,9,27.8,489 ,36.71 ,1.03 ,35.54 ,2.3,0.8,26.7,129.17,
WM2,2017,10,29.5,1047 ,29.29 ,0.77 ,37.80 ,2.6,0.9,28.3,79.17,
WM2,2017,11,25.9,884 ,12.21 ,0.42 ,29.10 ,7.7,1.8,32.9,54.17,
WM2,2017,12,22.3,393 ,20.57 ,1.00 ,20.55 ,4.8,0.9,32.9,58.33,
WM2,2019,1,19.1,154 ,11.64 ,0.61 ,18.98 ,27.45,0.7,33.2,38.75,
WM2,2019,2,20.2,842 ,29.14 ,0.36 ,82.06 ,1.69,5.4,29.8,13.75,
WM2,2019,3,21.5,54 ,23.00 ,0.68 ,33.92 ,1.52,1.1,31.2,39.17,
WM2,2019,4,23.9,74 ,30.57 ,0.65 ,47.35 ,0.54,3.5,29.7,45.83,
WM2,2019,5,24.0,249 ,30.71 ,0.68 ,45.30 ,2.71,0.2,29.4,50.00,
WM2,2019,6,27.4,544 ,36.57 ,0.48 ,75.52 ,1.73,1.3,25.4,108.33,
WM2,2019,7,26.9,27467 ,21.07 ,0.10 ,217.55 ,2.02,31,27.4,50.00,
WM2,2019,8,28.8,2370 ,40.93 ,0.74 ,55.12 ,15.32,3.6,25.2,79.17,
WM2,2019,9,27.8,9132 ,19.64 ,0.16 ,121.68 ,2.68,9.3,28.9,62.50,
WM2,2019,10,30.1,221 ,40.79 ,0.68 ,60.16 ,3.45,0.8,29.2,83.33,
WM2,2019,11,26.5,324 ,17.07 ,0.71 ,24.03 ,2.98,0.7,32.6,41.67,
WM2,2019,12,22.5,452 ,11.86 ,0.61 ,19.33 ,2.87,1.7,33.5,30.83,
WM2,2020,3,21.1,80 ,19.29 ,0.39 ,49.78 ,2.24,0.4,31.8,41.67,
WM2,2020,4,21.4,637 ,23.79 ,0.58 ,40.93 ,3.22,0.7,30.9,54.17,
WM2,2020,5,26.2,2066 ,23.86 ,0.19 ,123.16 ,3.22,4.3,30.0,40.00,
WM2,2020,6,27.5,9840 ,39.79 ,0.26 ,154.04 ,2.52,5.7,26.1,79.17,
WM2,2020,7,27.6,6262 ,36.64 ,0.39 ,94.58 ,8.17,16,24.8,87.50,
WM2,2020,8,28.1,8282 ,46.07 ,0.29 ,158.56 ,2.06,5.6,25.5,21.25,
WM2,2020,9,27.1,1302 ,24.21 ,0.55 ,44.12 ,1.24,4.1,30.2,87.50,
WM2,2020,10,28.3,593 ,11.57 ,0.45 ,25.60 ,3.83,1.3,32.3,33.75,
WM2,2020,11,24.6,471 ,18.50 ,0.74 ,24.91 ,3.4,2.5,32.8,45.83,
SM6,2000,1,18.4,7 ,6.21 ,0.39 ,16.05 ,4.9,5.4,32.3,17.08,
SM6,2000,2,15.6,26 ,11.71 ,0.71 ,16.51 ,8,2,31.1,50.00,
SM6,2000,3,15.6,64 ,9.43 ,0.55 ,17.19 ,8.7,0.6,31.3,50.00,
SM6,2000,4,23.2,197 ,16.71 ,0.71 ,23.55 ,6.1,1.6,31.6,39.58,
SM6,2000,5,25.8,113 ,1.64 ,0.35 ,4.63 ,6,3.1,32.9,14.17,
SM6,2000,6,27.9,28105 ,30.00 ,0.06 ,465.00 ,6.7,19,21.4,100.00,
SM6,2000,7,29.9,84028 ,12.50 ,0.19 ,64.58 ,1,27,24.2,58.33,
SM6,2000,8,28.8,3454 ,25.79 ,0.23 ,114.19 ,5.4,4.4,25.2,70.83,
SM6,2000,9,27.3,488 ,7.71 ,0.74 ,10.40 ,16.9,2.9,32.2,33.33,
SM6,2000,10,27.0,144 ,31.43 ,1.10 ,28.66 ,7.8,3,31.3,66.67,
SM6,2000,11,21.9,70 ,7.07 ,0.45 ,15.66 ,10.6,1.6,32.9,50.00,
SM6,2000,12,20.4,63 ,9.71 ,0.16 ,60.23 ,8.3,1.9,32.0,54.17,
SM6,2001,1,18.4,96 ,9.43 ,0.71 ,13.29 ,11.1,1.4,31.5,30.83,
SM6,2001,2,16.6,13 ,15.64 ,0.35 ,44.08 ,11,0.8,31.9,50.00,
SM6,2001,3,19.8,2365 ,10.79 ,0.48 ,22.29 ,9.3,4.7,33.0,21.67,
SM6,2001,4,22.1,113 ,7.43 ,0.48 ,15.35 ,10.9,4.5,33.2,19.58,
SM6,2001,5,27.7,771 ,5.86 ,0.13 ,45.39 ,5.9,9.5,28.9,5.00,
SM6,2001,6,29.7,20313 ,43.64 ,0.29 ,150.33 ,8,14,13.8,158.33,
SM6,2001,7,27.7,2223 ,42.57 ,0.71 ,59.99 ,6.9,10,17.4,137.50,
SM6,2001,8,28.8,6662 ,16.93 ,0.29 ,58.31 ,6.4,7.5,23.7,9.17,
SM6,2001,9,27.5,3539 ,5.86 ,0.42 ,13.97 ,10.3,7.8,32.1,23.33,
SM6,2001,10,28.1,84 ,9.57 ,0.71 ,13.49 ,9.9,1.8,31.7,35.83,
SM6,2001,11,23.7,42 ,4.71 ,0.35 ,13.29 ,15.5,2.6,32.2,21.25,
SM6,2001,12,20.9,138 ,8.86 ,0.39 ,22.88 ,19.9,0.2,32.1,40.00,
SM6,2002,1,18.8,77 ,11.64 ,0.35 ,32.81 ,6.5,1.8,33.0,45.83,
SM6,2002,2,16.1,177 ,2.00 ,0.26 ,7.75 ,8.8,2.8,33.5,16.67,
SM6,2002,3,21.2,92 ,14.71 ,0.26 ,57.02 ,6.1,1,33.4,27.50,
SM6,2002,4,25.1,976 ,4.36 ,0.71 ,6.14 ,5.9,1.5,32.9,10.00,
SM6,2002,5,27.8,277 ,39.86 ,0.45 ,88.26 ,7.3,1,27.7,66.67,
SM6,2002,6,29.0,10464 ,59.00 ,0.45 ,130.64 ,9.5,33,18.5,50.00,
SM6,2002,7,28.2,19610 ,20.93 ,0.32 ,64.88 ,8.7,27,23.6,27.50,
SM6,2002,8,29.2,6861 ,14.57 ,0.06 ,225.86 ,7.2,0.4,24.7,11.67,
SM6,2002,9,27.3,163 ,13.57 ,0.61 ,22.14 ,8.6,0.7,29.6,54.17,
SM6,2002,10,26.9,1358 ,12.29 ,0.26 ,47.61 ,8.5,5.2,29.5,22.50,
SM6,2002,11,23.0,644 ,5.14 ,0.32 ,15.94 ,10.6,4.8,33.0,24.17,
SM6,2002,12,19.4,162 ,12.29 ,0.52 ,23.80 ,18.2,1,33.5,35.00,
SM6,2003,1,17.5,296 ,1.79 ,0.19 ,9.23 ,9.8,1.7,33.0,23.75,
SM6,2003,2,17.0,170 ,0.50 ,0.23 ,2.21 ,6.5,1.8,32.7,15.42,
SM6,2003,3,19.3,149 ,1.86 ,0.19 ,9.60 ,10.4,1.7,33.5,10.83,
SM6,2003,4,20.9,112 ,2.00 ,0.23 ,8.86 ,11.3,0.9,34.0,11.67,
SM6,2003,5,28.2,2251 ,18.71 ,0.06 ,290.07 ,6.4,6.3,28.1,11.67,
SM6,2003,6,26.6,354 ,25.93 ,0.58 ,44.65 ,5.2,1.5,28.9,70.83,
SM6,2003,7,27.4,4254 ,18.64 ,0.32 ,57.79 ,4.3,8.7,29.3,54.17,
SM6,2003,8,28.5,14967 ,12.71 ,0.06 ,197.07 ,5.2,20,26.5,9.58,
SM6,2003,9,28.1,9798 ,7.71 ,0.13 ,59.79 ,7.2,15,31.0,6.25,
SM6,2003,10,27.9,113 ,1.71 ,0.23 ,7.59 ,9,1.4,33.0,20.42,
SM6,2003,11,24.4,234 ,3.29 ,0.29 ,11.32 ,11.4,1.8,33.4,23.33,
SM6,2003,12,19.1,127 ,7.57 ,0.42 ,18.05 ,9.2,1.6,33.7,45.83,
SM6,2004,1,18.6,657 ,2.71 ,0.23 ,12.02 ,7.9,8,33.5,5.00,
SM6,2004,2,19.7,85 ,1.14 ,0.29 ,3.94 ,3.3,0.8,34.2,8.33,
SM6,2004,3,20.3,49 ,5.50 ,0.32 ,17.05 ,2.3,1.6,34.1,18.33,
SM6,2004,4,23.4,991 ,35.36 ,0.68 ,52.19 ,8.9,2.4,31.5,45.83,
SM6,2004,5,26.6,467 ,23.36 ,0.55 ,42.59 ,9,1.5,31.6,27.92,
SM6,2004,6,28.5,10986 ,12.21 ,0.10 ,126.21 ,8.3,19,30.3,12.50,
SM6,2004,7,27.0,3878 ,31.29 ,0.29 ,107.76 ,8.3,5.2,25.5,41.67,
SM6,2004,8,27.9,11532 ,14.50 ,0.16 ,89.90 ,8.5,13,28.8,15.83,
SM6,2004,9,27.4,3022 ,3.71 ,0.19 ,19.19 ,7.4,2.3,32.3,17.92,
SM6,2004,10,26.0,359 ,5.71 ,0.29 ,19.68 ,12,2.2,33.1,40.42,
SM6,2004,11,23.3,481 ,9.71 ,0.55 ,17.71 ,13.6,2,33.1,28.75,
SM6,2004,12,21.3,197 ,6.29 ,0.39 ,16.24 ,14.3,0.7,33.4,32.92,
SM6,2005,1,17.9,141 ,4.57 ,0.19 ,23.62 ,10.4,2.5,33.2,24.58,
SM6,2005,2,15.9,42 ,8.93 ,0.26 ,34.60 ,8.2,1.2,32.8,22.08,
SM6,2005,3,16.2,218 ,16.71 ,0.58 ,28.79 ,8.3,1.1,32.6,29.58,
SM6,2005,4,22.3,2110 ,2.29 ,0.23 ,10.12 ,4.4,8.1,33.6,2.08,
SM6,2005,5,26.2,566 ,19.43 ,0.06 ,301.14 ,4.9,2.1,29.8,10.83,
SM6,2005,6,28.1,16538 ,61.50 ,0.52 ,119.16 ,13.8,14,15.8,154.17,
SM6,2005,7,27.4,7022 ,20.00 ,0.16 ,124.00 ,9.9,33,25.2,23.33,
SM6,2005,8,25.5,814 ,42.21 ,1.00 ,42.21 ,4.8,1.5,26.7,95.83,
SM6,2005,9,28.4,148 ,4.14 ,0.32 ,12.84 ,6,1.6,32.7,39.17,
SM6,2005,10,27.5,127 ,3.79 ,0.26 ,14.67 ,12,2,33.1,28.75,
SM6,2005,11,24.2,141 ,2.79 ,0.23 ,12.34 ,16.6,1.1,33.3,15.83,
SM6,2005,12,21.5,191 ,4.64 ,0.39 ,11.99 ,16.6,0.8,33.2,28.75,
SM6,2006,1,17.6,835 ,2.07 ,0.13 ,16.05 ,6,3.9,32.8,5.42,
SM6,2006,2,19.0,28 ,14.14 ,0.52 ,27.40 ,6.9,0.6,32.5,34.58,
SM6,2006,3,20.0,119 ,4.29 ,0.16 ,26.57 ,7.7,2.5,33.4,11.67,
SM6,2006,4,24.8,2081 ,21.00 ,0.39 ,54.25 ,8.8,2.9,31.5,24.58,
SM6,2006,5,26.3,77 ,32.29 ,0.84 ,38.49 ,3.7,1.4,29.7,45.83,
SM6,2006,6,27.0,1083 ,47.21 ,0.81 ,58.55 ,4.4,2.9,23.4,125.00,
SM6,2006,7,28.7,2499 ,26.93 ,0.10 ,278.26 ,25.9,8.6,25.5,45.83,
SM6,2006,8,29.3,4586 ,17.21 ,0.06 ,266.82 ,10.3,4.5,24.9,5.83,
SM6,2006,9,27.3,77 ,3.14 ,0.10 ,32.48 ,11.6,1.1,31.8,7.50,
SM6,2006,10,27.6,728 ,7.14 ,0.23 ,31.63 ,14.5,2.5,32.8,33.33,
SM6,2006,11,25.6,28 ,5.07 ,0.19 ,26.20 ,17.1,1.7,33.3,29.17,
SM6,2006,12,23.1,389 ,2.86 ,0.16 ,17.71 ,14.5,2.5,33.3,21.25,
SM6,2007,1,19.2,92 ,7.57 ,0.32 ,23.47 ,14.1,1.2,33.5,30.42,
SM6,2007,2,19.9,141 ,3.14 ,0.19 ,16.24 ,9.8,2.1,33.8,12.08,
SM6,2007,3,20.1,184 ,3.86 ,0.23 ,17.08 ,8.2,1.5,33.6,14.17,
SM6,2007,4,22.8,382 ,2.36 ,0.19 ,12.18 ,7.1,1.5,33.7,2.08,
SM6,2007,5,24.5,593 ,6.36 ,0.23 ,28.15 ,9.5,2.7,33.2,10.42,
SM6,2007,6,29.5,39137 ,32.14 ,0.23 ,142.35 ,14.2,7.7,22.6,23.33,
SM6,2007,7,28.0,39996 ,33.43 ,0.23 ,148.04 ,10.3,29,24.4,83.33,
SM6,2007,8,29.2,4820 ,11.36 ,0.06 ,176.04 ,13.3,5.9,27.9,8.75,
SM6,2007,9,27.9,658 ,20.57 ,0.68 ,30.37 ,10.1,0.9,31.2,41.67,
SM6,2007,10,27.6,474 ,8.57 ,0.45 ,18.98 ,13.5,2.4,32.6,40.00,
SM6,2007,11,23.8,190 ,8.29 ,0.45 ,18.35 ,4.3,3.4,33.2,41.67,
SM6,2007,12,20.3,56 ,14.93 ,0.58 ,25.71 ,9,0.9,31.8,54.17,
SM6,2008,1,19.0,206 ,10.29 ,0.35 ,28.99 ,6.4,3.2,31.8,29.17,
SM6,2008,2,14.1,38 ,16.07 ,0.58 ,27.68 ,10.5,1.4,31.9,50.00,
SM6,2008,3,15.6,1351 ,8.57 ,0.23 ,37.96 ,10.4,7.3,32.3,26.67,
SM6,2008,4,23.8,962 ,30.71 ,0.81 ,38.09 ,9.1,1.1,31.4,40.83,
SM6,2008,5,25.1,2731 ,15.21 ,0.39 ,39.30 ,6.1,5.3,32.7,11.67,
SM6,2008,6,28.0,828 ,107.14 ,0.87 ,123.02 ,18.6,5.2,12.8,208.33,
SM6,2008,7,29.0,2479 ,38.79 ,0.42 ,92.49 ,9.3,18,16.9,200.00,
SM6,2008,8,29.8,2597 ,21.00 ,0.13 ,162.75 ,5.5,15,25.3,8.75,
SM6,2008,9,28.1,9685 ,18.07 ,0.10 ,186.74 ,8.7,25,26.3,2.92,
SM6,2008,10,27.6,310 ,3.36 ,0.26 ,13.01 ,4.2,1.8,32.6,22.08,
SM6,2008,11,25.4,296 ,2.79 ,0.26 ,10.79 ,3.9,1.2,33.0,18.75,
SM6,2008,12,22.0,630 ,4.93 ,0.35 ,13.89 ,6.9,1.4,33.1,35.83,
SM6,2009,1,18.6,261 ,7.21 ,0.32 ,22.36 ,6.2,2,33.4,35.00,
SM6,2009,2,18.3,637 ,4.86 ,0.26 ,18.82 ,2.4,1.9,33.5,25.83,
SM6,2009,3,20.6,480 ,2.86 ,0.26 ,11.07 ,13.7,1.6,33.8,14.17,
SM6,2009,4,22.8,211 ,11.07 ,0.29 ,38.13 ,0.6,1.3,33.2,23.33,
SM6,2009,5,25.5,410 ,1.71 ,0.23 ,7.59 ,1.3,1.1,33.3,7.08,
SM6,2009,6,28.6,109229 ,37.71 ,0.19 ,194.86 ,2.1,30,22.1,20.83,
SM6,2009,7,29.0,72419 ,12.71 ,0.06 ,197.07 ,10.7,39,26.4,5.00,
SM6,2009,8,29.4,42757 ,15.57 ,0.06 ,241.36 ,9.1,22,26.3,2.92,
SM6,2009,9,29.7,552 ,1.79 ,0.06 ,27.68 ,1.7,1.7,31.0,24.17,
SM6,2009,10,28.0,232 ,20.36 ,0.97 ,21.04 ,5.8,0.9,32.0,50.00,
SM6,2009,11,25.8,721 ,7.00 ,0.35 ,19.73 ,3.6,3.8,32.8,23.75,
SM6,2009,12,20.8,160 ,6.36 ,0.39 ,16.42 ,6.8,1.2,33.2,33.33,
SM6,2010,1,17.4,292 ,9.14 ,0.32 ,28.34 ,4,2.6,32.2,29.58,
SM6,2010,2,17.9,113 ,9.50 ,0.39 ,24.54 ,5.7,0.5,32.8,29.17,
SM6,2010,3,19.4,708 ,5.21 ,0.19 ,26.94 ,12.8,4.4,32.9,15.83,
SM6,2010,4,21.0,198 ,1.86 ,0.26 ,7.20 ,1.5,1.2,34.0,19.17,
SM6,2010,5,24.1,2733 ,13.93 ,0.26 ,53.97 ,1.5,2.1,32.3,17.92,
SM6,2010,6,26.3,2223 ,13.57 ,0.13 ,105.18 ,0.8,7.6,31.3,8.33,
SM6,2010,7,29.2,3844 ,32.93 ,0.16 ,204.16 ,1.4,9,23.4,58.33,
SM6,2010,8,29.0,5055 ,13.71 ,0.06 ,212.57 ,2.8,13,28.2,2.08,
SM6,2010,9,27.4,707 ,19.57 ,0.19 ,101.12 ,1.5,8.7,29.5,45.83,
SM6,2010,10,25.4,42 ,6.14 ,0.23 ,27.20 ,5.4,1.1,32.4,26.67,
SM6,2010,11,23.7,42 ,9.71 ,0.52 ,18.82 ,3.6,0.8,32.6,50.00,
SM6,2010,12,21.3,459 ,8.07 ,0.23 ,35.74 ,3.1,3.4,32.5,20.00,
SM6,2011,1,16.6,32 ,11.29 ,0.48 ,23.32 ,5.4,0.7,33.0,45.83,
SM6,2011,2,15.1,48 ,15.86 ,0.52 ,30.72 ,2.2,0.6,31.8,50.00,
SM6,2011,3,16.1,870 ,17.36 ,0.48 ,35.87 ,2.4,2.1,32.0,45.83,
SM6,2011,4,19.9,283 ,15.14 ,0.19 ,78.24 ,0.8,3.1,33.5,11.67,
SM6,2011,5,25.3,984 ,17.00 ,0.19 ,87.83 ,0.9,2,31.7,23.33,
SM6,2011,6,28.2,13502 ,38.07 ,0.10 ,393.40 ,3.6,16,25.9,2.92,
SM6,2011,7,26.3,4162 ,33.36 ,0.32 ,103.41 ,1.9,24,26.9,91.67,
SM6,2011,8,29.0,12375 ,20.43 ,0.06 ,316.64 ,1.1,11,27.2,36.67,
SM6,2011,9,29.2,1821 ,2.93 ,0.16 ,18.16 ,1,2.7,31.8,8.33,
SM6,2011,10,26.4,132 ,18.29 ,0.90 ,20.24 ,5.8,1,32.9,50.00,
SM6,2011,11,25.0,90 ,15.14 ,0.19 ,78.24 ,9.9,0.2,33.0,26.67,
SM6,2011,12,21.5,170 ,13.43 ,0.48 ,27.75 ,2.4,0.7,31.9,45.83,
SM6,2012,1,17.0,750 ,17.07 ,0.39 ,44.10 ,3.3,5.6,31.0,30.42,
SM6,2012,2,15.9,37 ,18.79 ,0.61 ,30.65 ,3.8,1.3,31.5,45.83,
SM6,2012,3,17.9,1996 ,9.29 ,0.16 ,57.57 ,3.5,4.9,32.1,13.33,
SM6,2012,4,21.4,233 ,21.71 ,0.55 ,39.60 ,2.2,0.9,31.5,26.67,
SM6,2012,5,27.5,1147 ,52.00 ,0.13 ,403.00 ,0.7,2.5,22.1,9.58,
SM6,2012,6,28.8,616 ,24.86 ,0.58 ,42.81 ,5,1.9,29.1,41.67,
SM6,2012,7,28.0,41482 ,27.50 ,0.10 ,284.17 ,2.1,24,24.9,66.67,
SM6,2012,8,28.4,67604 ,27.71 ,0.10 ,286.38 ,1.5,18,27.8,39.17,
SM6,2012,9,28.6,1379 ,9.50 ,0.35 ,26.77 ,1.1,0.9,31.6,50.00,
SM6,2012,10,26.9,799 ,22.29 ,0.74 ,30.04 ,2.1,2.1,31.6,41.67,
SM6,2012,11,24.5,283 ,23.93 ,0.81 ,29.67 ,3.2,1,32.2,50.00,
SM6,2012,12,21.0,170 ,5.71 ,0.19 ,29.52 ,3.3,1.1,33.1,45.83,
SM6,2013,1,17.1,233 ,16.00 ,0.52 ,31.00 ,6.6,0.5,31.9,45.83,
SM6,2013,2,19.1,841 ,5.64 ,0.39 ,14.58 ,1.1,3.1,32.1,13.75,
SM6,2013,3,20.2,106 ,8.07 ,0.19 ,41.70 ,0.7,2.4,32.3,10.42,
SM6,2013,4,20.6,658 ,17.79 ,0.45 ,39.38 ,1.8,1,31.7,30.42,
SM6,2013,5,27.7,8212 ,59.64 ,0.23 ,264.13 ,2.1,9.1,23.1,116.67,
SM6,2013,6,29.0,78931 ,25.14 ,0.13 ,194.86 ,1.3,30,26.1,75.00,
SM6,2013,7,30.2,59676 ,22.00 ,0.19 ,113.67 ,1.7,11,23.5,4.17,
SM6,2013,8,27.8,6556 ,54.07 ,0.65 ,83.81 ,24.6,5,23.0,175.00,
SM6,2013,9,27.7,3857 ,17.79 ,0.16 ,110.27 ,3.9,5.7,29.2,22.08,
SM6,2013,10,27.9,1614 ,2.64 ,0.19 ,13.65 ,1.3,1.1,32.0,24.58,
SM6,2013,11,22.5,318 ,19.07 ,0.77 ,24.63 ,4.7,1,32.4,70.83,
SM6,2013,12,19.6,345 ,3.14 ,0.23 ,13.92 ,13.9,1.3,32.9,41.67,
SM6,2014,1,16.7,700 ,10.50 ,0.45 ,23.25 ,3.4,1,32.8,54.17,
SM6,2014,2,16.5,268 ,4.71 ,0.19 ,24.36 ,2.9,0.6,33.3,25.42,
SM6,2014,3,16.5,92 ,10.21 ,0.42 ,24.36 ,2.8,0.4,33.1,33.75,
SM6,2014,4,21.2,410 ,25.43 ,0.19 ,131.38 ,0.5,1.2,30.9,38.33,
SM6,2014,5,26.3,27874 ,52.79 ,0.19 ,272.73 ,2.6,32,23.1,35.42,
SM6,2014,6,27.8,10280 ,9.00 ,0.10 ,93.00 ,0.8,5.9,29.5,2.08,
SM6,2014,7,29.1,8041 ,26.29 ,0.19 ,135.81 ,0.9,13,26.9,66.67,
SM6,2014,8,30.1,27923 ,16.36 ,0.06 ,253.54 ,0.9,28,27.0,45.83,
SM6,2014,9,28.7,7009 ,10.07 ,0.39 ,26.02 ,1.9,6.1,32.8,58.33,
SM6,2014,10,29.0,841 ,4.86 ,0.19 ,25.10 ,2.9,2.2,33.2,41.67,
SM6,2014,11,24.1,198 ,0.64 ,0.16 ,3.99 ,4.8,7.8,33.0,8.33,
SM6,2014,12,21.2,212 ,3.36 ,0.16 ,20.81 ,5.3,8.9,32.6,6.67,
SM6,2015,1,17.6,71 ,9.07 ,0.26 ,35.15 ,5.8,0.9,31.7,29.17,
SM6,2015,2,18.3,42 ,19.57 ,0.52 ,37.92 ,1.1,0.7,31.5,21.67,
SM6,2015,3,18.9,134 ,5.29 ,0.16 ,32.77 ,0.7,1.8,32.8,15.42,
SM6,2015,4,22.4,155 ,12.93 ,0.29 ,44.53 ,1.5,2.3,33.0,18.75,
SM6,2015,5,27.0,9218 ,30.93 ,0.06 ,479.39 ,3,7.2,27.8,15.83,
SM6,2015,6,28.2,13508 ,40.43 ,0.19 ,208.88 ,3.7,34,23.6,70.83,
SM6,2015,7,29.0,58048 ,38.00 ,0.26 ,147.25 ,3.8,40,20.3,108.33,
SM6,2015,8,26.5,3094 ,28.29 ,0.32 ,87.69 ,3.8,4.6,28.1,50.00,
SM6,2015,9,28.0,600 ,6.00 ,0.26 ,23.25 ,4.3,1,33.0,33.75,
SM6,2015,10,28.2,317 ,30.93 ,0.94 ,33.06 ,4.5,1.2,30.0,87.50,
SM6,2015,11,25.8,155 ,22.00 ,0.68 ,32.48 ,4.2,1.6,31.4,62.50,
SM6,2015,12,20.8,164 ,7.71 ,0.32 ,23.91 ,5.7,1.1,33.0,35.42,
SM6,2016,1,18.7,694 ,10.71 ,0.32 ,33.21 ,2.5,5.9,31.5,22.50,
SM6,2016,2,16.3,213 ,10.00 ,0.23 ,44.29 ,2.8,2,31.1,34.17,
SM6,2016,3,18.0,545 ,2.07 ,0.19 ,10.70 ,1.2,30,31.1,22.92,
SM6,2016,4,22.4,2690 ,35.43 ,0.58 ,61.02 ,1.3,1.9,27.9,83.33,
SM6,2016,5,25.1,1146 ,2.71 ,0.06 ,42.07 ,2,4.1,32.3,6.67,
SM6,2016,6,28.7,8814 ,34.50 ,0.06 ,534.75 ,1.6,17,23.2,58.33,
SM6,2016,7,28.6,20600 ,26.36 ,0.06 ,408.54 ,12.4,48,23.0,22.92,
SM6,2016,8,26.9,11851 ,15.93 ,0.06 ,246.89 ,2.6,11,27.5,2.08,
SM6,2016,9,27.5,453 ,8.36 ,0.35 ,23.55 ,5,1.2,29.4,58.33,
SM6,2016,10,27.0,150 ,9.79 ,0.58 ,16.85 ,6.4,1.5,32.0,50.00,
SM6,2016,11,25.4,59 ,11.93 ,0.55 ,21.75 ,21,1.2,31.6,41.67,
SM6,2016,12,21.3,510 ,8.14 ,0.10 ,84.14 ,5.4,3.3,30.7,31.25,
SM6,2017,1,20.1,410 ,6.71 ,0.26 ,26.02 ,0.6,1.9,31.1,8.75,
SM6,2017,2,16.9,43 ,15.93 ,0.58 ,27.43 ,5.4,1,31.1,58.33,
SM6,2017,3,17.9,148 ,10.21 ,0.45 ,22.62 ,24,1.2,32.2,31.25,
SM6,2017,4,23.4,474 ,18.71 ,0.13 ,145.04 ,0.4,3,30.0,26.67,
SM6,2017,5,26.6,12078 ,28.00 ,0.26 ,108.50 ,3.3,2.5,29.3,41.25,
SM6,2017,6,29.6,2589 ,21.00 ,0.10 ,217.00 ,2.4,7.7,27.6,2.08,
SM6,2017,7,28.1,16334 ,31.29 ,0.13 ,242.46 ,1.2,43,21.7,5.42,
SM6,2017,8,28.0,36245 ,17.79 ,0.16 ,110.27 ,2,53,26.7,21.25,
SM6,2017,9,28.6,8424 ,28.00 ,0.39 ,72.33 ,5.3,35,27.0,27.50,
SM6,2017,10,29.4,672 ,12.00 ,0.58 ,20.67 ,3,0.6,31.4,54.17,
SM6,2017,11,25.0,437 ,5.86 ,0.48 ,12.10 ,3.8,1,33.1,25.42,
SM6,2017,12,21.1,643 ,8.50 ,0.55 ,15.50 ,2.2,0.7,33.2,45.83,
SM6,2019,1,18.6,79 ,10.64 ,0.55 ,19.41 ,2.82,0.2,32.5,45.83,
SM6,2019,2,20.1,23 ,2.00 ,0.06 ,31.00 ,0.29,0.9,32.5,14.58,
SM6,2019,3,20.8,148 ,3.86 ,0.06 ,59.79 ,1.03,1.9,33.5,9.58,
SM6,2019,4,24.9,22 ,28.00 ,0.48 ,57.87 ,0.74,1.4,30.1,45.83,
SM6,2019,5,24.3,240 ,5.29 ,0.35 ,14.90 ,2.23,0.5,32.9,16.25,
SM6,2019,6,28.8,10194 ,32.14 ,0.13 ,249.11 ,1.3,20,22.2,87.50,
SM6,2019,7,29.8,39783 ,35.29 ,0.48 ,72.92 ,3.59,34,18.8,150.00,
SM6,2019,8,29.1,489 ,18.79 ,0.06 ,291.18 ,2.99,19,27.5,27.50,
SM6,2019,9,27.9,292 ,13.50 ,0.29 ,46.50 ,3.93,0.4,30.7,50.00,
SM6,2019,10,28.5,43 ,4.57 ,0.26 ,17.71 ,4.58,1,32.8,25.83,
SM6,2019,11,25.7,615 ,1.86 ,0.26 ,7.20 ,6.65,1.1,33.3,38.75,
SM6,2019,12,21.1,233 ,5.64 ,0.32 ,17.49 ,12.97,0.7,33.5,45.83,
SM6,2020,1,19.7,693 ,5.36 ,0.16 ,33.21 ,3.73,3,32.5,10.00,
SM6,2020,3,20.2,466 ,10.07 ,0.39 ,26.02 ,2.9,1.7,32.7,28.33,
SM6,2020,4,22.4,56 ,10.64 ,0.19 ,54.99 ,2.96,0.3,32.3,12.92,
SM6,2020,5,26.8,496 ,22.79 ,0.42 ,54.34 ,1.82,1.1,28.9,12.92,
SM6,2020,6,28.9,3908 ,63.36 ,0.55 ,115.53 ,2.93,4.6,14.0,208.33,
SM6,2020,7,29.1,25697 ,33.07 ,0.48 ,68.35 ,1.91,20,20.5,41.67,
SM6,2020,8,28.9,1112 ,27.64 ,0.32 ,85.69 ,1.72,1.8,23.0,30.00,
SM6,2020,9,27.9,7689 ,15.57 ,0.19 ,80.45 ,2.27,6.1,30.5,79.17,
SM6,2020,10,28.3,840 ,4.29 ,0.23 ,18.98 ,5.15,1.4,32.7,30.00,
SM6,2020,11,23.7,211 ,7.14 ,0.32 ,22.14 ,3.85,2,32.7,31.25,
SM6,2020,12,20.0,112 ,14.29 ,0.45 ,31.63 ,4.69,0.7,31.8,32.08,
